work,TCP,title,year,total_words,n_characters,included_in_clustering,selection_policy,kept_edition
"The Bloody Brother (Rollo, Duke of Normandy)",A00958,"The Bloody Brother (Rollo, Duke of Normandy)",1639.0,18671,25,True,earliest-dated,A00958
"The Bloody Brother (Rollo, Duke of Normandy)",A00959,,,19271,27,False,,A00958
"Wine, Beer, and Ale Together by the Ears (Wine, Beer, Ale, a",A01424,"Wine, Beer, and Ale Together by the Ears (Wine, Beer, Ale, and Tobacco Contending for Superiority)",1629.0,4762,7,True,earliest-dated,A01424
"Wine, Beer, and Ale Together by the Ears (Wine, Beer, Ale, a",A01425,,,6080,8,False,,A01424
Supposes,A01513.1,Supposes,1573.0,14656,17,True,earliest-dated,A01513.1
Supposes,A01514.2,,,15498,16,False,,A01513.1
Jocasta,A01513.2,Jocasta,1573.0,19664,14,True,earliest-dated,A01513.2
Jocasta,A01514.3,,,18276,14,False,,A01513.2
"Lodovic Sforza, Duke of Milan",A01853,"Lodovic Sforza, Duke of Milan",1628.0,14942,16,True,earliest-dated,A01853
"Lodovic Sforza, Duke of Milan",A01851.1,,,15433,16,False,,A01853
Friar Bacon and Friar Bongay,A02127,Friar Bacon and Friar Bongay,1594.0,16019,30,True,earliest-dated,A02127
Friar Bacon and Friar Bongay,A02128,,,16150,30,False,,A02127
"The Three Laws of Nature, Moses, and Christ, Corrupted by th",A02738,"The Three Laws of Nature, Moses, and Christ, Corrupted by the Sodomites, Pharisees, and Papists",1548.0,14844,13,True,earliest-dated,A02738
"The Three Laws of Nature, Moses, and Christ, Corrupted by th",A02749,,,14601,13,False,,A02738
Bartholomew Fair,A04633.1,Bartholomew Fair,1631.0,36130,30,True,earliest-dated,A04633.1
Bartholomew Fair,A72473.1,,,33594,32,False,,A04633.1
The Devil Is an Ass,A04633.3,The Devil Is an Ass,1631.0,24512,27,True,earliest-dated,A04633.3
The Devil Is an Ass,A72473.3,,,24650,26,False,,A04633.3
The Alchemist,A04636,The Alchemist,1612.0,25509,14,True,earliest-dated,A04636
The Alchemist,A04632.8,,,19858,13,False,,A04636
Catiline His Conspiracy,A04640,Catiline His Conspiracy,1611.0,27777,28,True,earliest-dated,A04640
Catiline His Conspiracy,A04632.9,,,17675,24,False,,A04640
Chloridia: Rites to Chloris and Her Nymphs,A04644,Chloridia: Rites to Chloris and Her Nymphs,1631.0,1046,8,True,earliest-dated,A04644
Chloridia: Rites to Chloris and Her Nymphs,A72473.18,,,1050,8,False,,A04644
"Epicene, or The Silent Woman",A04645,"Epicene, or The Silent Woman",1620.0,25589,15,True,earliest-dated,A04645
"Epicene, or The Silent Woman",A04632.7,,,28306,15,False,,A04645
Every Man Out of His Humor,A04648,Every Man Out of His Humor,1600.0,36408,29,True,earliest-dated,A04648
Every Man Out of His Humor,A04632.2,,,36615,29,False,,A04648
The Fortunate Isles and Their Union,A04652,The Fortunate Isles and Their Union,1625.0,2948,8,True,earliest-dated,A04652
The Fortunate Isles and Their Union,A72473.16,The Masque of Owls,1641.0,2945,8,False,,A04652
A04654,A04654,,,4539,5,True,earliest-dated,A04654
A04654,A04632.17,,,2605,4,False,,A04654
Neptune's Triumph for the Return of Albion,A04656,Neptune's Triumph for the Return of Albion,1624.0,2183,8,True,earliest-dated,A04656
Neptune's Triumph for the Return of Albion,A72473.13,,,2773,8,False,,A04656
The Malcontent,A07074,The Malcontent,1604.0,19274,22,True,earliest-dated,A07074
The Malcontent,A07071,,,14403,16,False,,A07074
A07395.1,A07395.1,,,11217,9,True,earliest-dated,A07395.1
A07395.1,A07395.2,,,8286,11,False,,A07395.1
Ferrex and Porrex (Gorboduc),A08360,Ferrex and Porrex (Gorboduc),1570.0,14422,17,True,earliest-dated,A08360
Ferrex and Porrex (Gorboduc),A08361,Ferrex and Porrex (Gorboduc),1570.0,14365,17,False,,A08360
3 Henry the Sixth (The True Tragedy of Richard Duke of York ,A11954.22,,,23235,32,True,canonical-override,A11954.22
3 Henry the Sixth (The True Tragedy of Richard Duke of York ,A10726,3 Henry the Sixth (The True Tragedy of Richard Duke of York and the Good King Henry the Sixth),1595.0,16741,28,False,,A11954.22
Thomas Lord Cromwell,A11265,Thomas Lord Cromwell,1602.0,13129,24,True,earliest-dated,A11265
Thomas Lord Cromwell,A11267,,,13786,26,False,,A11265
Agamemnon (Seneca's Eighth Tragedy),A11910,Agamemnon (Seneca's Eighth Tragedy),1566.0,9879,10,True,earliest-dated,A11910
Agamemnon (Seneca's Eighth Tragedy),A11909.8,,,8185,9,False,,A11910
Hercules Furens (Mad Hercules) (Seneca's First Tragedy),A11911,Hercules Furens (Mad Hercules) (Seneca's First Tragedy),1561.0,21534,6,True,earliest-dated,A11911
Hercules Furens (Mad Hercules) (Seneca's First Tragedy),A11909.1,,,9233,5,False,,A11911
Thyestes (Seneca's Second Tragedy),A11914,Thyestes (Seneca's Second Tragedy),1560.0,7409,8,True,earliest-dated,A11914
Thyestes (Seneca's Second Tragedy),A11909.2,,,9764,8,False,,A11914
Octavia (Seneca's Ninth Tragedy),A11917,Octavia (Seneca's Ninth Tragedy),1566.0,6508,8,True,earliest-dated,A11917
Octavia (Seneca's Ninth Tragedy),A11909.9,,,6521,8,False,,A11917
"Hamlet, Prince of Denmark",A11954.32,,,28055,26,True,canonical-override,A11954.32
"Hamlet, Prince of Denmark",A11959,"Hamlet, Prince of Denmark",1603.0,16048,21,False,,A11954.32
1 Henry the Fourth,A11966,1 Henry the Fourth,1598.0,24355,27,True,earliest-dated,A11966
1 Henry the Fourth,A11954.17,,,23963,27,False,,A11966
2 Henry the Fourth,A11974,2 Henry the Fourth,1600.0,23113,37,True,earliest-dated,A11974
2 Henry the Fourth,A11954.18,,,24740,38,False,,A11974
Henry the Fifth,A11975,Henry the Fifth,1600.0,12166,28,True,earliest-dated,A11975
Henry the Fifth,A11954.19,,,24484,38,False,,A11975
King Lear,A11978,King Lear,1608.0,24475,20,True,canonical-override,A11978
King Lear,A11954.33,,,23422,20,False,,A11978
The Merchant of Venice (The Jew of Venice),A68727,The Merchant of Venice (The Jew of Venice),1600.0,19301,17,True,earliest-dated,A68727
The Merchant of Venice (The Jew of Venice),A11981,,,20877,17,False,,A68727
The Merchant of Venice (The Jew of Venice),A11954.9,,,20847,17,False,,A68727
The Merry Wives of Windsor,A11954.3,,,21563,20,True,canonical-override,A11954.3
The Merry Wives of Windsor,A11983,The Merry Wives of Windsor,1602.0,11300,17,False,,A11954.3
The Merry Wives of Windsor,A11988,,,21226,20,False,,A11954.3
A Midsummer Night's Dream,A11989,A Midsummer Night's Dream,1600.0,16244,18,True,earliest-dated,A11989
A Midsummer Night's Dream,A11954.8,,,16140,18,False,,A11989
Much Ado About Nothing,A11991,Much Ado About Nothing,1600.0,20997,21,True,earliest-dated,A11991
Much Ado About Nothing,A11954.6,,,21017,22,False,,A11991
"Othello, the Moor of Venice",A11954.34,,,25882,20,True,canonical-override,A11954.34
"Othello, the Moor of Venice",A11992,"Othello, the Moor of Venice",1622.0,24661,18,False,,A11954.34
Richard the Second,A11994,Richard the Second,1597.0,20706,33,True,earliest-dated,A11994
Richard the Second,A11954.16,,,21443,30,False,,A11994
Richard the Third,A11954.23,,,27598,38,True,canonical-override,A11954.23
Richard the Third,A12001,Richard the Third,1597.0,26495,32,False,,A11954.23
Romeo and Juliet,A11954.28,,,23764,23,True,canonical-override,A11954.28
Romeo and Juliet,A12010,Romeo and Juliet,1597.0,17324,20,False,,A11954.28
The Taming of the Shrew,A12016,The Taming of the Shrew,1631.0,20349,22,True,earliest-dated,A12016
The Taming of the Shrew,A11954.11,,,20364,22,False,,A12016
Titus Andronicus,A12017,Titus Andronicus,1594.0,19294,20,True,earliest-dated,A12017
Titus Andronicus,A11954.27,,,19781,20,False,,A12017
Troilus and Cressida,A11954.25,,,25343,22,True,canonical-override,A11954.25
Troilus and Cressida,A12021,Troilus and Cressida,1609.0,25576,21,False,,A11954.25
The Taming of a Shrew,A13358,The Taming of a Shrew,1594.0,12265,18,True,earliest-dated,A13358
The Taming of a Shrew,A13360,,,12263,18,False,,A13358
The Alexandraean Tragedy,A16527.1,The Alexandraean Tragedy,1607.0,19234,12,True,earliest-dated,A16527.1
The Alexandraean Tragedy,A16564.1,Croesus,1637.0,19063,11,False,,A16527.1
Julius Caesar,A16527.3,Julius Caesar,1607.0,22226,16,True,earliest-dated,A16527.3
Julius Caesar,A16564.3,,,22697,16,False,,A16527.3
Darius,A16564.2,Darius,1637.0,12324,14,True,earliest-dated,A16564.2
Darius,A16527.2,,,13750,14,False,,A16564.2
A16527.4,A16527.4,,,20449,11,True,earliest-dated,A16527.4
A16527.4,A16564.4,,,18735,10,False,,A16527.4
Caesar and Pompey (The Wars of Caesar and Pompey),A18425,Caesar and Pompey (The Wars of Caesar and Pompey),1631.0,15636,30,True,earliest-dated,A18425
Caesar and Pompey (The Wars of Caesar and Pompey),A18424,,,15587,30,False,,A18425
A19346,A19346,,,13471,11,True,earliest-dated,A19346
A19346,A19347,,,11409,11,False,,A19346
Cleopatra,A19816.1,Cleopatra,1594.0,8271,11,True,earliest-dated,A19816.1
Cleopatra,A19834.1,,,12863,10,False,,A19816.1
The Isle of Gulls,A19976,The Isle of Gulls,1606.0,20990,21,True,earliest-dated,A19976
The Isle of Gulls,A69188,,,21590,21,False,,A19976
The Trial of Chivalry (This Gallant Cavaliero Dick Bowyer),A68191,The Trial of Chivalry (This Gallant Cavaliero Dick Bowyer),1605.0,19038,20,True,earliest-dated,A68191
The Trial of Chivalry (This Gallant Cavaliero Dick Bowyer),A03404,,,19162,20,False,,A68191
1 The Troublesome Reign of King John,A68278.1,1 The Troublesome Reign of King John,1591.0,13379,25,True,earliest-dated,A68278.1
1 The Troublesome Reign of King John,A04520.1,,,14080,27,False,,A68278.1
Love's Labor's Lost,A68726,Love's Labor's Lost,1598.0,18377,19,True,earliest-dated,A68726
Love's Labor's Lost,A11954.7,,,20897,16,False,,A68726
2 Henry the Sixth (The First Part of the Contention betwixt ,A68931,2 Henry the Sixth (The First Part of the Contention betwixt the Two Famous Houses of York and Lancaster),1600.0,15673,37,True,earliest-dated,A68931
2 Henry the Sixth (The First Part of the Contention betwixt ,A11954.21,,,24061,39,False,,A68931
Time Vindicated to Himself and to His Honors,B00230,Time Vindicated to Himself and to His Honors,1623.0,3125,12,True,earliest-dated,B00230
Time Vindicated to Himself and to His Honors,A72473.12,The Masque of Augurs,1641.0,3102,12,False,,B00230
A04633.2,A04633.2,,,27347,20,True,earliest-dated,A04633.2
A04633.2,A72473.2,,,26599,20,False,,A04633.2
Coelum Britannicum (The British Heaven),A73704,Coelum Britannicum (The British Heaven),1634.0,7573,10,True,earliest-dated,A73704
Coelum Britannicum (The British Heaven),A17961.1,,,6744,6,False,,A73704
"Poetaster, or The Arraignment",B14290,"Poetaster, or The Arraignment",1602.0,23636,26,True,earliest-dated,B14290
"Poetaster, or The Arraignment",A04632.4,,,28209,32,False,,B14290
